Symbol,Security,GICS Sector,GICS Sub-Industry,Yahoo_Symbol
MMM,3M,Industrials,Industrial Conglomerates,MMM
AOS,A. O. Smith,Industrials,Building Products,AOS
ABT,Abbott Laboratories,Health Care,Health Care Equipment,ABT
ABBV,AbbVie,Health Care,Biotechnology,ABBV
ACN,Accenture,Information Technology,IT Consulting & Other Services,ACN
ADBE,Adobe Inc.,Information Technology,Application Software,ADBE
AMD,Advanced Micro Devices,Information Technology,Semiconductors,AMD
AES,AES Corporation,Utilities,Independent Power Producers & Energy Traders,AES
AFL,Aflac,Financials,Life & Health Insurance,AFL
A,Agilent Technologies,Health Care,Life Sciences Tools & Services,A
APD,Air Products,Materials,Industrial Gases,APD
ABNB,Airbnb,Consumer Discretionary,"Hotels, Resorts & Cruise Lines",ABNB
AKAM,Akamai Technologies,Information Technology,Internet Services & Infrastructure,AKAM
ALB,Albemarle Corporation,Materials,Specialty Chemicals,ALB
ARE,Alexandria Real Estate Equities,Real Estate,Office REITs,ARE
ALGN,Align Technology,Health Care,Health Care Supplies,ALGN
ALLE,Allegion,Industrials,Building Products,ALLE
LNT,Alliant Energy,Utilities,Electric Utilities,LNT
ALL,Allstate,Financials,Property & Casualty Insurance,ALL
GOOGL,Alphabet Inc. (Class A),Communication Services,Interactive Media & Services,GOOGL
GOOG,Alphabet Inc. (Class C),Communication Services,Interactive Media & Services,GOOG
MO,Altria,Consumer Staples,Tobacco,MO
AMZN,Amazon,Consumer Discretionary,Broadline Retail,AMZN
AMCR,Amcor,Materials,Paper & Plastic Packaging Products & Materials,AMCR
AEE,Ameren,Utilities,Multi-Utilities,AEE
AEP,American Electric Power,Utilities,Electric Utilities,AEP
AXP,American Express,Financials,Consumer Finance,AXP
AIG,American International Group,Financials,Multi-line Insurance,AIG
AMT,American Tower,Real Estate,Telecom Tower REITs,AMT
AWK,American Water Works,Utilities,Water Utilities,AWK
AMP,Ameriprise Financial,Financials,Asset Management & Custody Banks,AMP
AME,Ametek,Industrials,Electrical Components & Equipment,AME
AMGN,Amgen,Health Care,Biotechnology,AMGN
APH,Amphenol,Information Technology,Electronic Components,APH
ADI,Analog Devices,Information Technology,Semiconductors,ADI
AON,Aon plc,Financials,Insurance Brokers,AON
APA,APA Corporation,Energy,Oil & Gas Exploration & Production,APA
APO,Apollo Global Management,Financials,Asset Management & Custody Banks,APO
AAPL,Apple Inc.,Information Technology,"Technology Hardware, Storage & Peripherals",AAPL
AMAT,Applied Materials,Information Technology,Semiconductor Materials & Equipment,AMAT
APP,AppLovin,Communication Services,Advertising,APP
APTV,Aptiv,Consumer Discretionary,Automotive Parts & Equipment,APTV
ACGL,Arch Capital Group,Financials,Property & Casualty Insurance,ACGL
ADM,Archer Daniels Midland,Consumer Staples,Agricultural Products & Services,ADM
ARES,Ares Management,Financials,Asset Management & Custody Banks,ARES
ANET,Arista Networks,Information Technology,Communications Equipment,ANET
AJG,Arthur J. Gallagher & Co.,Financials,Insurance Brokers,AJG
AIZ,Assurant,Financials,Multi-line Insurance,AIZ
T,AT&T,Communication Services,Integrated Telecommunication Services,T
ATO,Atmos Energy,Utilities,Gas Utilities,ATO
ADSK,Autodesk,Information Technology,Application Software,ADSK
ADP,Automatic Data Processing,Industrials,Human Resource & Employment Services,ADP
AZO,AutoZone,Consumer Discretionary,Automotive Retail,AZO
AVY,Avery Dennison,Materials,Paper & Plastic Packaging Products & Materials,AVY
AXON,Axon Enterprise,Industrials,Aerospace & Defense,AXON
BKR,Baker Hughes,Energy,Oil & Gas Equipment & Services,BKR
BALL,Ball Corporation,Materials,"Metal, Glass & Plastic Containers",BALL
BAC,Bank of America,Financials,Diversified Banks,BAC
BAX,Baxter International,Health Care,Health Care Equipment,BAX
BDX,Becton Dickinson,Health Care,Health Care Equipment,BDX
BRK.B,Berkshire Hathaway,Financials,Multi-Sector Holdings,BRK-B
BBY,Best Buy,Consumer Discretionary,Computer & Electronics Retail,BBY
TECH,Bio-Techne,Health Care,Life Sciences Tools & Services,TECH
BIIB,Biogen,Health Care,Biotechnology,BIIB
BLK,BlackRock,Financials,Asset Management & Custody Banks,BLK
BX,Blackstone Inc.,Financials,Asset Management & Custody Banks,BX
XYZ,"Block, Inc.",Financials,Transaction & Payment Processing Services,XYZ
BE,Bloom Energy,Industrials,Electrical Components & Equipment,BE
BNY,BNY Mellon,Financials,Asset Management & Custody Banks,BNY
BA,Boeing,Industrials,Aerospace & Defense,BA
BKNG,Booking Holdings,Consumer Discretionary,"Hotels, Resorts & Cruise Lines",BKNG
BSX,Boston Scientific,Health Care,Health Care Equipment,BSX
BMY,Bristol Myers Squibb,Health Care,Pharmaceuticals,BMY
AVGO,Broadcom,Information Technology,Semiconductors,AVGO
BR,Broadridge Financial Solutions,Industrials,Data Processing & Outsourced Services,BR
BRO,Brown & Brown,Financials,Insurance Brokers,BRO
BF.B,Brown–Forman,Consumer Staples,Distillers & Vintners,BF-B
BG,Bunge Global,Consumer Staples,Agricultural Products & Services,BG
BXP,"BXP, Inc.",Real Estate,Office REITs,BXP
CHRW,C.H. Robinson,Industrials,Air Freight & Logistics,CHRW
CDNS,Cadence Design Systems,Information Technology,Application Software,CDNS
CPT,Camden Property Trust,Real Estate,Multi-Family Residential REITs,CPT
COF,Capital One,Financials,Consumer Finance,COF
CAH,Cardinal Health,Health Care,Health Care Distributors,CAH
CCL,Carnival Corporation,Consumer Discretionary,"Hotels, Resorts & Cruise Lines",CCL
CARR,Carrier Global,Industrials,Building Products,CARR
CVNA,Carvana,Consumer Discretionary,Automotive Retail,CVNA
CASY,Casey's,Consumer Staples,Food Retail,CASY
CAT,Caterpillar Inc.,Industrials,Construction Machinery & Heavy Transportation Equipment,CAT
CBOE,Cboe Global Markets,Financials,Financial Exchanges & Data,CBOE
CBRE,CBRE Group,Real Estate,Real Estate Services,CBRE
CDW,CDW Corporation,Information Technology,Technology Distributors,CDW
COR,Cencora,Health Care,Health Care Distributors,COR
CNC,Centene Corporation,Health Care,Managed Health Care,CNC
CNP,CenterPoint Energy,Utilities,Multi-Utilities,CNP
CF,CF Industries,Materials,Fertilizers & Agricultural Chemicals,CF
CRL,Charles River Laboratories,Health Care,Life Sciences Tools & Services,CRL
SCHW,Charles Schwab Corporation,Financials,Investment Banking & Brokerage,SCHW
CHTR,Charter Communications,Communication Services,Cable & Satellite,CHTR
CVX,Chevron Corporation,Energy,Integrated Oil & Gas,CVX
CMG,Chipotle Mexican Grill,Consumer Discretionary,Restaurants,CMG
CB,Chubb Limited,Financials,Property & Casualty Insurance,CB
CHD,Church & Dwight,Consumer Staples,Household Products,CHD
CIEN,Ciena,Information Technology,Communications Equipment,CIEN
CI,Cigna,Health Care,Health Care Services,CI
CINF,Cincinnati Financial,Financials,Property & Casualty Insurance,CINF
CTAS,Cintas,Industrials,Diversified Support Services,CTAS
CSCO,Cisco,Information Technology,Communications Equipment,CSCO
C,Citigroup,Financials,Diversified Banks,C
CFG,Citizens Financial Group,Financials,Regional Banks,CFG
CLX,Clorox,Consumer Staples,Household Products,CLX
CME,CME Group,Financials,Financial Exchanges & Data,CME
CMS,CMS Energy,Utilities,Multi-Utilities,CMS
KO,Coca-Cola Company (The),Consumer Staples,Soft Drinks & Non-alcoholic Beverages,KO
CTSH,Cognizant,Information Technology,IT Consulting & Other Services,CTSH
COHR,Coherent Corp.,Information Technology,Electronic Components,COHR
COIN,Coinbase,Financials,Financial Exchanges & Data,COIN
CL,Colgate-Palmolive,Consumer Staples,Household Products,CL
CMCSA,Comcast,Communication Services,Cable & Satellite,CMCSA
FIX,Comfort Systems USA,Industrials,Construction & Engineering,FIX
COP,ConocoPhillips,Energy,Oil & Gas Exploration & Production,COP
ED,Consolidated Edison,Utilities,Multi-Utilities,ED
STZ,Constellation Brands,Consumer Staples,Distillers & Vintners,STZ
CEG,Constellation Energy,Utilities,Electric Utilities,CEG
COO,Cooper Companies (The),Health Care,Health Care Supplies,COO
CPRT,Copart,Industrials,Diversified Support Services,CPRT
GLW,Corning Inc.,Information Technology,Electronic Components,GLW
CPAY,Corpay,Financials,Transaction & Payment Processing Services,CPAY
CTVA,Corteva,Materials,Fertilizers & Agricultural Chemicals,CTVA
CSGP,CoStar Group,Real Estate,Real Estate Services,CSGP
COST,Costco,Consumer Staples,Consumer Staples Merchandise Retail,COST
CRH,CRH plc,Materials,Construction Materials,CRH
CRWD,CrowdStrike,Information Technology,Systems Software,CRWD
CCI,Crown Castle,Real Estate,Telecom Tower REITs,CCI
CSX,CSX Corporation,Industrials,Rail Transportation,CSX
CMI,Cummins,Industrials,Construction Machinery & Heavy Transportation Equipment,CMI
CVS,CVS Health,Health Care,Health Care Services,CVS
DHR,Danaher Corporation,Health Care,Life Sciences Tools & Services,DHR
DRI,Darden Restaurants,Consumer Discretionary,Restaurants,DRI
DDOG,Datadog,Information Technology,Application Software,DDOG
DVA,DaVita,Health Care,Health Care Services,DVA
DECK,Deckers Brands,Consumer Discretionary,Footwear,DECK
DE,Deere & Company,Industrials,Agricultural & Farm Machinery,DE
DELL,Dell Technologies,Information Technology,"Technology Hardware, Storage & Peripherals",DELL
DAL,Delta Air Lines,Industrials,Passenger Airlines,DAL
DVN,Devon Energy,Energy,Oil & Gas Exploration & Production,DVN
DXCM,Dexcom,Health Care,Health Care Equipment,DXCM
FANG,Diamondback Energy,Energy,Oil & Gas Exploration & Production,FANG
DLR,Digital Realty,Real Estate,Data Center REITs,DLR
DG,Dollar General,Consumer Staples,Consumer Staples Merchandise Retail,DG
DLTR,Dollar Tree,Consumer Staples,Consumer Staples Merchandise Retail,DLTR
D,Dominion Energy,Utilities,Multi-Utilities,D
DPZ,Domino's,Consumer Discretionary,Restaurants,DPZ
DASH,DoorDash,Consumer Discretionary,Specialized Consumer Services,DASH
DOV,Dover Corporation,Industrials,Industrial Machinery & Supplies & Components,DOV
DOW,Dow Inc.,Materials,Commodity Chemicals,DOW
DHI,D. R. Horton,Consumer Discretionary,Homebuilding,DHI
DTE,DTE Energy,Utilities,Multi-Utilities,DTE
DUK,Duke Energy,Utilities,Electric Utilities,DUK
DD,DuPont,Industrials,Industrial Conglomerates,DD
ETN,Eaton Corporation,Industrials,Electrical Components & Equipment,ETN
EBAY,eBay Inc.,Consumer Discretionary,Broadline Retail,EBAY
ECHO,EchoStar,Communication Services,Wireless Telecommunication Services,ECHO
ECL,Ecolab,Materials,Specialty Chemicals,ECL
EIX,Edison International,Utilities,Electric Utilities,EIX
EW,Edwards Lifesciences,Health Care,Health Care Equipment,EW
ELV,Elevance Health,Health Care,Managed Health Care,ELV
EME,Emcor,Industrials,Construction & Engineering,EME
EMR,Emerson Electric,Industrials,Electrical Components & Equipment,EMR
ETR,Entergy,Utilities,Electric Utilities,ETR
EOG,EOG Resources,Energy,Oil & Gas Exploration & Production,EOG
EQT,EQT Corporation,Energy,Oil & Gas Exploration & Production,EQT
EFX,Equifax,Industrials,Research & Consulting Services,EFX
EQIX,Equinix,Real Estate,Data Center REITs,EQIX
ERIE,Erie Indemnity,Financials,Insurance Brokers,ERIE
ESS,Essex Property Trust,Real Estate,Multi-Family Residential REITs,ESS
EL,Estée Lauder Companies (The),Consumer Staples,Personal Care Products,EL
EG,Everest Group,Financials,Reinsurance,EG
EVRG,Evergy,Utilities,Electric Utilities,EVRG
P,Everpure,Information Technology,"Technology Hardware, Storage & Peripherals",P
ES,Eversource Energy,Utilities,Electric Utilities,ES
EXC,Exelon,Utilities,Electric Utilities,EXC
EXE,Expand Energy,Energy,Oil & Gas Exploration & Production,EXE
EXPE,Expedia Group,Consumer Discretionary,"Hotels, Resorts & Cruise Lines",EXPE
EXPD,Expeditors International,Industrials,Air Freight & Logistics,EXPD
EXR,Extra Space Storage,Real Estate,Self-Storage REITs,EXR
XOM,ExxonMobil,Energy,Integrated Oil & Gas,XOM
FFIV,"F5, Inc.",Information Technology,Communications Equipment,FFIV
FDS,FactSet,Financials,Financial Exchanges & Data,FDS
FICO,Fair Isaac,Information Technology,Application Software,FICO
FAST,Fastenal,Industrials,Trading Companies & Distributors,FAST
FRT,Federal Realty Investment Trust,Real Estate,Retail REITs,FRT
FDX,FedEx,Industrials,Air Freight & Logistics,FDX
FDXF,FedEx Freight,Industrials,Cargo Ground Transportation,FDXF
FERG,Ferguson Enterprises,Industrials,Trading Companies & Distributors,FERG
FIS,Fidelity National Information Services,Financials,Transaction & Payment Processing Services,FIS
FITB,Fifth Third Bancorp,Financials,Regional Banks,FITB
FSLR,First Solar,Information Technology,Semiconductors,FSLR
FE,FirstEnergy,Utilities,Electric Utilities,FE
FISV,Fiserv,Financials,Transaction & Payment Processing Services,FISV
FLEX,Flex Ltd.,Information Technology,Electronic Manufacturing Services,FLEX
F,Ford Motor Company,Consumer Discretionary,Automobile Manufacturers,F
FTNT,Fortinet,Information Technology,Systems Software,FTNT
FTV,Fortive,Industrials,Industrial Machinery & Supplies & Components,FTV
FOXA,Fox Corporation (Class A),Communication Services,Broadcasting,FOXA
FOX,Fox Corporation (Class B),Communication Services,Broadcasting,FOX
BEN,Franklin Resources,Financials,Asset Management & Custody Banks,BEN
FCX,Freeport-McMoRan,Materials,Copper,FCX
GRMN,Garmin,Consumer Discretionary,Consumer Electronics,GRMN
IT,Gartner,Information Technology,IT Consulting & Other Services,IT
GE,GE Aerospace,Industrials,Aerospace & Defense,GE
GEHC,GE HealthCare,Health Care,Health Care Equipment,GEHC
GEV,GE Vernova,Industrials,Heavy Electrical Equipment,GEV
GEN,Gen Digital,Information Technology,Systems Software,GEN
GNRC,Generac,Industrials,Heavy Electrical Equipment,GNRC
GD,General Dynamics,Industrials,Aerospace & Defense,GD
GIS,General Mills,Consumer Staples,Packaged Foods & Meats,GIS
GM,General Motors,Consumer Discretionary,Automobile Manufacturers,GM
GPC,Genuine Parts Company,Consumer Discretionary,Distributors,GPC
GILD,Gilead Sciences,Health Care,Biotechnology,GILD
GPN,Global Payments,Financials,Transaction & Payment Processing Services,GPN
GL,Globe Life,Financials,Life & Health Insurance,GL
GDDY,GoDaddy,Information Technology,Internet Services & Infrastructure,GDDY
GS,Goldman Sachs,Financials,Investment Banking & Brokerage,GS
HAL,Halliburton,Energy,Oil & Gas Equipment & Services,HAL
HIG,Hartford (The),Financials,Property & Casualty Insurance,HIG
HAS,Hasbro,Consumer Discretionary,Leisure Products,HAS
HCA,HCA Healthcare,Health Care,Health Care Facilities,HCA
DOC,Healthpeak Properties,Real Estate,Health Care REITs,DOC
HSIC,Henry Schein,Health Care,Health Care Distributors,HSIC
HSY,Hershey Company (The),Consumer Staples,Packaged Foods & Meats,HSY
HPE,Hewlett Packard Enterprise,Information Technology,"Technology Hardware, Storage & Peripherals",HPE
HLT,Hilton Worldwide,Consumer Discretionary,"Hotels, Resorts & Cruise Lines",HLT
HD,Home Depot (The),Consumer Discretionary,Home Improvement Retail,HD
HONA,Honeywell Aerospace,Industrials,Aerospace & Defense,HONA
HON,Honeywell Technologies,Industrials,Industrial Conglomerates,HON
HRL,Hormel Foods,Consumer Staples,Packaged Foods & Meats,HRL
HST,Host Hotels & Resorts,Real Estate,Hotel & Resort REITs,HST
HWM,Howmet Aerospace,Industrials,Aerospace & Defense,HWM
HPQ,HP Inc.,Information Technology,"Technology Hardware, Storage & Peripherals",HPQ
HUBB,Hubbell Incorporated,Industrials,Industrial Machinery & Supplies & Components,HUBB
HUM,Humana,Health Care,Managed Health Care,HUM
HBAN,Huntington Bancshares,Financials,Regional Banks,HBAN
HII,Huntington Ingalls Industries,Industrials,Aerospace & Defense,HII
IBM,IBM,Information Technology,IT Consulting & Other Services,IBM
IEX,IDEX Corporation,Industrials,Industrial Machinery & Supplies & Components,IEX
IDXX,Idexx Laboratories,Health Care,Health Care Equipment,IDXX
ITW,Illinois Tool Works,Industrials,Industrial Machinery & Supplies & Components,ITW
ILMN,"Illumina, Inc.",Health Care,Life Sciences Tools & Services,ILMN
INCY,Incyte,Health Care,Biotechnology,INCY
IR,Ingersoll Rand,Industrials,Industrial Machinery & Supplies & Components,IR
PODD,Insulet Corporation,Health Care,Health Care Equipment,PODD
INTC,Intel,Information Technology,Semiconductors,INTC
IBKR,Interactive Brokers,Financials,Investment Banking & Brokerage,IBKR
ICE,Intercontinental Exchange,Financials,Financial Exchanges & Data,ICE
IFF,International Flavors & Fragrances,Materials,Specialty Chemicals,IFF
IP,International Paper,Materials,Paper & Plastic Packaging Products & Materials,IP
INTU,Intuit,Information Technology,Application Software,INTU
ISRG,Intuitive Surgical,Health Care,Health Care Equipment,ISRG
IVZ,Invesco,Financials,Asset Management & Custody Banks,IVZ
INVH,Invitation Homes,Real Estate,Single-Family Residential REITs,INVH
IQV,IQVIA,Health Care,Life Sciences Tools & Services,IQV
IRM,Iron Mountain,Real Estate,Other Specialized REITs,IRM
JBHT,J.B. Hunt,Industrials,Cargo Ground Transportation,JBHT
JBL,Jabil,Information Technology,Electronic Manufacturing Services,JBL
JKHY,Jack Henry & Associates,Financials,Transaction & Payment Processing Services,JKHY
J,Jacobs Solutions,Industrials,Construction & Engineering,J
JNJ,Johnson & Johnson,Health Care,Pharmaceuticals,JNJ
JCI,Johnson Controls,Industrials,Building Products,JCI
JPM,JPMorgan Chase,Financials,Diversified Banks,JPM
KVUE,Kenvue,Consumer Staples,Personal Care Products,KVUE
KDP,Keurig Dr Pepper,Consumer Staples,Soft Drinks & Non-alcoholic Beverages,KDP
KEY,KeyCorp,Financials,Regional Banks,KEY
KEYS,Keysight Technologies,Information Technology,Electronic Equipment & Instruments,KEYS
KMB,Kimberly-Clark,Consumer Staples,Household Products,KMB
KIM,Kimco Realty,Real Estate,Retail REITs,KIM
KMI,Kinder Morgan,Energy,Oil & Gas Storage & Transportation,KMI
KKR,KKR & Co.,Financials,Asset Management & Custody Banks,KKR
KLAC,KLA Corporation,Information Technology,Semiconductor Materials & Equipment,KLAC
KHC,Kraft Heinz,Consumer Staples,Packaged Foods & Meats,KHC
KR,Kroger,Consumer Staples,Food Retail,KR
LHX,L3Harris,Industrials,Aerospace & Defense,LHX
LH,Labcorp,Health Care,Health Care Services,LH
LRCX,Lam Research,Information Technology,Semiconductor Materials & Equipment,LRCX
LVS,Las Vegas Sands,Consumer Discretionary,Casinos & Gaming,LVS
LDOS,Leidos,Industrials,Diversified Support Services,LDOS
LEN,Lennar,Consumer Discretionary,Homebuilding,LEN
LII,Lennox International,Industrials,Building Products,LII
LLY,Lilly (Eli),Health Care,Pharmaceuticals,LLY
LIN,Linde plc,Materials,Industrial Gases,LIN
LYV,Live Nation Entertainment,Communication Services,Movies & Entertainment,LYV
LMT,Lockheed Martin,Industrials,Aerospace & Defense,LMT
L,Loews Corporation,Financials,Multi-line Insurance,L
LOW,Lowe's,Consumer Discretionary,Home Improvement Retail,LOW
LULU,Lululemon Athletica,Consumer Discretionary,"Apparel, Accessories & Luxury Goods",LULU
LITE,Lumentum,Information Technology,Communications Equipment,LITE
LYB,LyondellBasell,Materials,Specialty Chemicals,LYB
MTB,M&T Bank,Financials,Regional Banks,MTB
MPC,Marathon Petroleum,Energy,Oil & Gas Refining & Marketing,MPC
MAR,Marriott International,Consumer Discretionary,"Hotels, Resorts & Cruise Lines",MAR
MRSH,Marsh McLennan,Financials,Insurance Brokers,MRSH
MLM,Martin Marietta Materials,Materials,Construction Materials,MLM
MRVL,Marvell Technology,Information Technology,Semiconductors,MRVL
MAS,Masco,Industrials,Building Products,MAS
MA,Mastercard,Financials,Transaction & Payment Processing Services,MA
MKC,McCormick & Company,Consumer Staples,Packaged Foods & Meats,MKC
MCD,McDonald's,Consumer Discretionary,Restaurants,MCD
MCK,McKesson Corporation,Health Care,Health Care Distributors,MCK
MDT,Medtronic,Health Care,Health Care Equipment,MDT
MRK,Merck & Co.,Health Care,Pharmaceuticals,MRK
META,Meta Platforms,Communication Services,Interactive Media & Services,META
MET,MetLife,Financials,Life & Health Insurance,MET
MTD,Mettler Toledo,Health Care,Life Sciences Tools & Services,MTD
MGM,MGM Resorts,Consumer Discretionary,Casinos & Gaming,MGM
MCHP,Microchip Technology,Information Technology,Semiconductors,MCHP
MU,Micron Technology,Information Technology,Semiconductors,MU
MSFT,Microsoft,Information Technology,Systems Software,MSFT
MAA,Mid-America Apartment Communities,Real Estate,Multi-Family Residential REITs,MAA
MRNA,Moderna,Health Care,Biotechnology,MRNA
MDLZ,Mondelez International,Consumer Staples,Packaged Foods & Meats,MDLZ
MPWR,Monolithic Power Systems,Information Technology,Semiconductors,MPWR
MNST,Monster Beverage,Consumer Staples,Soft Drinks & Non-alcoholic Beverages,MNST
MCO,Moody's Corporation,Financials,Financial Exchanges & Data,MCO
MS,Morgan Stanley,Financials,Investment Banking & Brokerage,MS
MOS,Mosaic Company (The),Materials,Fertilizers & Agricultural Chemicals,MOS
MSI,Motorola Solutions,Information Technology,Communications Equipment,MSI
MSCI,MSCI,Financials,Financial Exchanges & Data,MSCI
NDAQ,"Nasdaq, Inc.",Financials,Financial Exchanges & Data,NDAQ
NTAP,NetApp,Information Technology,"Technology Hardware, Storage & Peripherals",NTAP
NFLX,Netflix,Communication Services,Movies & Entertainment,NFLX
NEM,Newmont,Materials,Gold,NEM
NWSA,News Corp (Class A),Communication Services,Publishing,NWSA
NWS,News Corp (Class B),Communication Services,Publishing,NWS
NEE,NextEra Energy,Utilities,Multi-Utilities,NEE
NKE,"Nike, Inc.",Consumer Discretionary,"Apparel, Accessories & Luxury Goods",NKE
NI,NiSource,Utilities,Multi-Utilities,NI
NDSN,Nordson Corporation,Industrials,Industrial Machinery & Supplies & Components,NDSN
NSC,Norfolk Southern,Industrials,Rail Transportation,NSC
NTRS,Northern Trust,Financials,Asset Management & Custody Banks,NTRS
NOC,Northrop Grumman,Industrials,Aerospace & Defense,NOC
NCLH,Norwegian Cruise Line Holdings,Consumer Discretionary,"Hotels, Resorts & Cruise Lines",NCLH
NRG,NRG Energy,Utilities,Independent Power Producers & Energy Traders,NRG
NUE,Nucor,Materials,Steel,NUE
NVDA,Nvidia,Information Technology,Semiconductors,NVDA
NVR,"NVR, Inc.",Consumer Discretionary,Homebuilding,NVR
NXPI,NXP Semiconductors,Information Technology,Semiconductors,NXPI
ORLY,O'Reilly Automotive,Consumer Discretionary,Automotive Retail,ORLY
OXY,Occidental Petroleum,Energy,Oil & Gas Exploration & Production,OXY
ODFL,Old Dominion,Industrials,Cargo Ground Transportation,ODFL
OMC,Omnicom Group,Communication Services,Advertising,OMC
ON,ON Semiconductor,Information Technology,Semiconductors,ON
OKE,Oneok,Energy,Oil & Gas Storage & Transportation,OKE
ORCL,Oracle Corporation,Information Technology,Application Software,ORCL
OTIS,Otis Worldwide,Industrials,Industrial Machinery & Supplies & Components,OTIS
PCAR,Paccar,Industrials,Construction Machinery & Heavy Transportation Equipment,PCAR
PKG,Packaging Corporation of America,Materials,Paper & Plastic Packaging Products & Materials,PKG
PLTR,Palantir Technologies,Information Technology,Application Software,PLTR
PANW,Palo Alto Networks,Information Technology,Systems Software,PANW
PSKY,Paramount Skydance Corporation,Communication Services,Movies & Entertainment,PSKY
PH,Parker Hannifin,Industrials,Industrial Machinery & Supplies & Components,PH
PAYX,Paychex,Industrials,Human Resource & Employment Services,PAYX
PYPL,PayPal,Financials,Transaction & Payment Processing Services,PYPL
PNR,Pentair,Industrials,Industrial Machinery & Supplies & Components,PNR
PEP,PepsiCo,Consumer Staples,Soft Drinks & Non-alcoholic Beverages,PEP
PFE,Pfizer,Health Care,Pharmaceuticals,PFE
PCG,PG&E Corporation,Utilities,Multi-Utilities,PCG
PM,Philip Morris International,Consumer Staples,Tobacco,PM
PSX,Phillips 66,Energy,Oil & Gas Refining & Marketing,PSX
PNW,Pinnacle West Capital,Utilities,Multi-Utilities,PNW
PNC,PNC Financial Services,Financials,Diversified Banks,PNC
PPG,PPG Industries,Materials,Specialty Chemicals,PPG
PPL,PPL Corporation,Utilities,Electric Utilities,PPL
PFG,Principal Financial Group,Financials,Life & Health Insurance,PFG
PG,Procter & Gamble,Consumer Staples,Personal Care Products,PG
PGR,Progressive Corporation,Financials,Property & Casualty Insurance,PGR
PLD,Prologis,Real Estate,Industrial REITs,PLD
PRU,Prudential Financial,Financials,Life & Health Insurance,PRU
PEG,Public Service Enterprise Group,Utilities,Electric Utilities,PEG
PTC,PTC Inc.,Information Technology,Application Software,PTC
PSA,Public Storage,Real Estate,Self-Storage REITs,PSA
PHM,PulteGroup,Consumer Discretionary,Homebuilding,PHM
PWR,Quanta Services,Industrials,Construction & Engineering,PWR
QCOM,Qualcomm,Information Technology,Semiconductors,QCOM
DGX,Quest Diagnostics,Health Care,Health Care Services,DGX
Q,Qnity Electronics,Information Technology,Semiconductor Materials & Equipment,Q
RL,Ralph Lauren Corporation,Consumer Discretionary,"Apparel, Accessories & Luxury Goods",RL
RJF,Raymond James Financial,Financials,Investment Banking & Brokerage,RJF
RDDT,Reddit,Communication Services,Interactive Media & Services,RDDT
RTX,RTX Corporation,Industrials,Aerospace & Defense,RTX
O,Realty Income,Real Estate,Retail REITs,O
REG,Regency Centers,Real Estate,Retail REITs,REG
REGN,Regeneron Pharmaceuticals,Health Care,Biotechnology,REGN
RF,Regions Financial Corporation,Financials,Regional Banks,RF
RSG,Republic Services,Industrials,Environmental & Facilities Services,RSG
RMD,ResMed|,Health Care,Health Care Equipment,RMD
RVTY,Revvity,Health Care,Health Care Equipment,RVTY
HOOD,Robinhood Markets,Financials,Investment Banking & Brokerage,HOOD
ROK,Rockwell Automation,Industrials,Electrical Components & Equipment,ROK
ROL,"Rollins, Inc.",Industrials,Environmental & Facilities Services,ROL
ROP,Roper Technologies,Information Technology,Electronic Equipment & Instruments,ROP
ROST,Ross Stores,Consumer Discretionary,Apparel Retail,ROST
RCL,Royal Caribbean Group,Consumer Discretionary,"Hotels, Resorts & Cruise Lines",RCL
SPGI,S&P Global,Financials,Financial Exchanges & Data,SPGI
CRM,Salesforce,Information Technology,Application Software,CRM
SNDK,Sandisk,Information Technology,"Technology Hardware, Storage & Peripherals",SNDK
SBAC,SBA Communications,Real Estate,Telecom Tower REITs,SBAC
SLB,Schlumberger,Energy,Oil & Gas Equipment & Services,SLB
STX,Seagate Technology,Information Technology,"Technology Hardware, Storage & Peripherals",STX
SRE,Sempra,Utilities,Multi-Utilities,SRE
NOW,ServiceNow,Information Technology,Systems Software,NOW
SHW,Sherwin-Williams,Materials,Specialty Chemicals,SHW
SPG,Simon Property Group,Real Estate,Retail REITs,SPG
SWKS,Skyworks Solutions,Information Technology,Semiconductors,SWKS
SJM,J.M. Smucker Company (The),Consumer Staples,Packaged Foods & Meats,SJM
SW,Smurfit Westrock,Materials,Paper & Plastic Packaging Products & Materials,SW
SNA,Snap-on,Industrials,Industrial Machinery & Supplies & Components,SNA
SOLV,Solventum,Health Care,Health Care Technology,SOLV
SO,Southern Company,Utilities,Electric Utilities,SO
LUV,Southwest Airlines,Industrials,Passenger Airlines,LUV
SWK,Stanley Black & Decker,Industrials,Industrial Machinery & Supplies & Components,SWK
SBUX,Starbucks,Consumer Discretionary,Restaurants,SBUX
STT,State Street Corporation,Financials,Asset Management & Custody Banks,STT
STLD,Steel Dynamics,Materials,Steel,STLD
STE,Steris,Health Care,Health Care Equipment,STE
SYK,Stryker Corporation,Health Care,Health Care Equipment,SYK
SMCI,Supermicro,Information Technology,"Technology Hardware, Storage & Peripherals",SMCI
SYF,Synchrony Financial,Financials,Consumer Finance,SYF
SNPS,Synopsys,Information Technology,Application Software,SNPS
SYY,Sysco,Consumer Staples,Food Distributors,SYY
TMUS,T-Mobile US,Communication Services,Wireless Telecommunication Services,TMUS
TROW,T. Rowe Price,Financials,Asset Management & Custody Banks,TROW
TTWO,Take-Two Interactive,Communication Services,Interactive Home Entertainment,TTWO
TPR,"Tapestry, Inc.",Consumer Discretionary,"Apparel, Accessories & Luxury Goods",TPR
TRGP,Targa Resources,Energy,Oil & Gas Storage & Transportation,TRGP
TGT,Target Corporation,Consumer Staples,Consumer Staples Merchandise Retail,TGT
TEL,TE Connectivity,Information Technology,Electronic Manufacturing Services,TEL
TDY,Teledyne Technologies,Information Technology,Electronic Equipment & Instruments,TDY
TER,Teradyne,Information Technology,Semiconductor Materials & Equipment,TER
TSLA,"Tesla, Inc.",Consumer Discretionary,Automobile Manufacturers,TSLA
TXN,Texas Instruments,Information Technology,Semiconductors,TXN
TPL,Texas Pacific Land Corporation,Energy,Oil & Gas Exploration & Production,TPL
TXT,Textron,Industrials,Aerospace & Defense,TXT
TMO,Thermo Fisher Scientific,Health Care,Life Sciences Tools & Services,TMO
TJX,TJX Companies,Consumer Discretionary,Apparel Retail,TJX
TKO,TKO Group Holdings,Communication Services,Movies & Entertainment,TKO
TSCO,Tractor Supply,Consumer Discretionary,Other Specialty Retail,TSCO
TT,Trane Technologies,Industrials,Building Products,TT
TDG,TransDigm Group,Industrials,Aerospace & Defense,TDG
TRV,Travelers Companies (The),Financials,Property & Casualty Insurance,TRV
TRMB,Trimble Inc.,Information Technology,Application Software,TRMB
TFC,Truist Financial,Financials,Diversified Banks,TFC
TYL,Tyler Technologies,Information Technology,Application Software,TYL
TSN,Tyson Foods,Consumer Staples,Packaged Foods & Meats,TSN
USB,U.S. Bancorp,Financials,Diversified Banks,USB
UBER,Uber,Industrials,Passenger Ground Transportation,UBER
UDR,"UDR, Inc.",Real Estate,Multi-Family Residential REITs,UDR
ULTA,Ulta Beauty,Consumer Discretionary,Other Specialty Retail,ULTA
UNP,Union Pacific Corporation,Industrials,Rail Transportation,UNP
UAL,United Airlines Holdings,Industrials,Passenger Airlines,UAL
UPS,United Parcel Service,Industrials,Air Freight & Logistics,UPS
URI,United Rentals,Industrials,Trading Companies & Distributors,URI
UNH,UnitedHealth Group,Health Care,Managed Health Care,UNH
UHS,Universal Health Services,Health Care,Health Care Facilities,UHS
VLO,Valero Energy,Energy,Oil & Gas Refining & Marketing,VLO
VEEV,Veeva Systems,Health Care,Health Care Technology,VEEV
VTR,Ventas,Real Estate,Health Care REITs,VTR
VLTO,Veralto,Industrials,Environmental & Facilities Services,VLTO
VRSN,Verisign,Information Technology,Internet Services & Infrastructure,VRSN
VRSK,Verisk Analytics,Industrials,Research & Consulting Services,VRSK
VZ,Verizon,Communication Services,Integrated Telecommunication Services,VZ
VRTX,Vertex Pharmaceuticals,Health Care,Biotechnology,VRTX
VRT,Vertiv,Industrials,Electrical Components & Equipment,VRT
VTRS,Viatris,Health Care,Pharmaceuticals,VTRS
VICI,Vici Properties,Real Estate,Hotel & Resort REITs,VICI
V,Visa Inc.,Financials,Transaction & Payment Processing Services,V
VST,Vistra Corp.,Utilities,Electric Utilities,VST
VMRK,Vivmark Residential,Real Estate,Multi-Family Residential REITs,VMRK
VMC,Vulcan Materials Company,Materials,Construction Materials,VMC
WRB,W. R. Berkley Corporation,Financials,Property & Casualty Insurance,WRB
GWW,W. W. Grainger,Industrials,Industrial Machinery & Supplies & Components,GWW
WAB,Wabtec,Industrials,Construction Machinery & Heavy Transportation Equipment,WAB
WMT,Walmart,Consumer Staples,Consumer Staples Merchandise Retail,WMT
DIS,Walt Disney Company (The),Communication Services,Movies & Entertainment,DIS
WBD,Warner Bros. Discovery,Communication Services,Broadcasting,WBD
WM,Waste Management,Industrials,Environmental & Facilities Services,WM
WAT,Waters Corporation,Health Care,Life Sciences Tools & Services,WAT
WEC,WEC Energy Group,Utilities,Electric Utilities,WEC
WFC,Wells Fargo,Financials,Diversified Banks,WFC
WELL,Welltower,Real Estate,Health Care REITs,WELL
WST,West Pharmaceutical Services,Health Care,Health Care Supplies,WST
WDC,Western Digital,Information Technology,"Technology Hardware, Storage & Peripherals",WDC
WY,Weyerhaeuser,Real Estate,Timber REITs,WY
WSM,"Williams-Sonoma, Inc.",Consumer Discretionary,Homefurnishing Retail,WSM
WMB,Williams Companies,Energy,Oil & Gas Storage & Transportation,WMB
WTW,Willis Towers Watson,Financials,Insurance Brokers,WTW
WDAY,"Workday, Inc.",Information Technology,Application Software,WDAY
WYNN,Wynn Resorts,Consumer Discretionary,Casinos & Gaming,WYNN
XEL,Xcel Energy,Utilities,Multi-Utilities,XEL
XYL,Xylem Inc.,Industrials,Industrial Machinery & Supplies & Components,XYL
YUM,Yum! Brands,Consumer Discretionary,Restaurants,YUM
ZBRA,Zebra Technologies,Information Technology,Electronic Equipment & Instruments,ZBRA
ZBH,Zimmer Biomet,Health Care,Health Care Equipment,ZBH
ZTS,Zoetis,Health Care,Pharmaceuticals,ZTS
